Time,Sensor 0,Sensor 1,Sensor 2,Sensor 3,Sensor 4,Sensor 5,Sensor 6,Sensor 7,Sensor 8,Sensor 9,Sensor 10,Sensor 11,Sensor 12
2023-02-06 17:59:12,Sensor 0:0.4524865399359197,Sensor 1:-0.5026628316858144,Sensor 2:0.5421877966924513,Sensor 3:-0.41296157492928276,Sensor 4:0.6318890534489829,Sensor 5:-0.32326031817275114,Sensor 6:0.7215903102055148,Sensor 7:-0.23355906141621952,Sensor 8:0.8112915669620464,Sensor 9:0,Sensor 10:1,Sensor 11:0,Sensor 12:1
